{"lr": 6.378973668533482e-08, "data_time": 0.0010891437530517578, "grad_norm": 2.5430060386657716, "loss": 6.90787787437439, "accuracy_top-1": 0.0, "cls_loss": 6.90760498046875, "greedy_loss": 0.027292484231293202, "time": 0.20094475746154786, "epoch": 1, "memory": 5306, "step": 200}
