{"lr": 1.027477626428015e-06, "data_time": 0.0011255741119384766, "grad_norm": 5.074158096313477, "loss": 6.915068435668945, "cls_loss": 6.91278076171875, "greedy_loss": 0.22877165228128432, "time": 0.20141327381134033, "epoch": 1, "memory": 5310, "step": 100}
{"lr": 1.560283309688639e-06, "data_time": 0.0012039899826049804, "grad_norm": 3.3350770473480225, "loss": 6.912579727172852, "cls_loss": 6.91192626953125, "greedy_loss": 0.06534085273742676, "time": 0.1982719898223877, "epoch": 1, "memory": 5310, "step": 200}
{"lr": 2.0930889929492616e-06, "data_time": 0.0009877920150756837, "grad_norm": 2.769597554206848, "loss": 6.908660650253296, "cls_loss": 6.90831298828125, "greedy_loss": 0.03476515170186758, "time": 0.20523428916931152, "epoch": 1, "memory": 5310, "step": 300}
{"lr": 2.6258946762098858e-06, "data_time": 0.0010503292083740234, "grad_norm": 2.626332426071167, "loss": 6.917263746261597, "cls_loss": 6.9170166015625, "greedy_loss": 0.024718392826616763, "time": 0.20298666954040528, "epoch": 1, "memory": 5310, "step": 400}
{"lr": 3.1587003594705108e-06, "data_time": 0.0010014772415161133, "grad_norm": 2.5992676973342896, "loss": 6.9174933433532715, "cls_loss": 6.91729736328125, "greedy_loss": 0.019594374112784863, "time": 0.2018954038619995, "epoch": 1, "memory": 5310, "step": 500}
{"lr": 3.6915060427311362e-06, "data_time": 0.0009706974029541016, "grad_norm": 2.465089440345764, "loss": 6.902870988845825, "cls_loss": 6.9027099609375, "greedy_loss": 0.01609616680070758, "time": 0.20219550132751465, "epoch": 1, "memory": 5310, "step": 600}
{"lr": 4.2243117259917625e-06, "data_time": 0.0007963180541992188, "grad_norm": 2.4095288038253786, "loss": 6.911462068557739, "cls_loss": 6.911328125, "greedy_loss": 0.013389051705598832, "time": 0.20245738029479982, "epoch": 1, "memory": 5310, "step": 700}
{"lr": 4.757117409252392e-06, "data_time": 0.000756216049194336, "grad_norm": 2.4110631942749023, "loss": 6.9090289115905765, "cls_loss": 6.9089111328125, "greedy_loss": 0.011781014408916235, "time": 0.19923045635223388, "epoch": 1, "memory": 5310, "step": 800}
{"lr": 5.289923092513027e-06, "data_time": 0.0007495880126953125, "grad_norm": 2.340944790840149, "loss": 6.905640935897827, "cls_loss": 6.9055419921875, "greedy_loss": 0.00989920124411583, "time": 0.2021273374557495, "epoch": 1, "memory": 5310, "step": 900}
{"lr": 5.822728775773663e-06, "data_time": 0.0011377811431884765, "grad_norm": 2.3645904302597045, "loss": 6.914383459091186, "cls_loss": 6.91429443359375, "greedy_loss": 0.008901249896734954, "time": 0.20435657501220703, "epoch": 1, "memory": 5310, "step": 1000}
{"lr": 6.355534459034287e-06, "data_time": 0.0009973287582397462, "grad_norm": 2.243914008140564, "loss": 6.908318901062012, "cls_loss": 6.90823974609375, "greedy_loss": 0.007913365308195353, "time": 0.20562536716461183, "epoch": 1, "memory": 5310, "step": 1100}
{"lr": 6.888340142294907e-06, "data_time": 0.0009644508361816406, "grad_norm": 2.2707473039627075, "loss": 6.910692453384399, "cls_loss": 6.9106201171875, "greedy_loss": 0.007231394574046135, "time": 0.20335073471069337, "epoch": 1, "memory": 5310, "step": 1200}
{"lr": 7.421145825555537e-06, "data_time": 0.0009497404098510742, "grad_norm": 2.226199746131897, "loss": 6.911861562728882, "cls_loss": 6.9117919921875, "greedy_loss": 0.00695500080473721, "time": 0.20253820419311525, "epoch": 1, "memory": 5310, "step": 1300}
{"lr": 7.953951508816164e-06, "data_time": 0.000908517837524414, "grad_norm": 2.3114896774291993, "loss": 6.908144140243531, "cls_loss": 6.9080810546875, "greedy_loss": 0.006310388259589672, "time": 0.20258653163909912, "epoch": 1, "memory": 5310, "step": 1400}
{"lr": 8.4867571920768e-06, "data_time": 0.0009839534759521484, "grad_norm": 2.3058751821517944, "loss": 6.917674970626831, "cls_loss": 6.91761474609375, "greedy_loss": 0.0060092255007475615, "time": 0.20792708396911622, "epoch": 1, "memory": 5310, "step": 1500}
{"lr": 9.019562875337417e-06, "data_time": 0.0007936716079711914, "grad_norm": 2.254711651802063, "loss": 6.909836530685425, "cls_loss": 6.90977783203125, "greedy_loss": 0.005863923672586679, "time": 0.20212738513946532, "epoch": 1, "memory": 5310, "step": 1600}
{"lr": 9.552368558598042e-06, "data_time": 0.0007592678070068359, "grad_norm": 2.2236514329910277, "loss": 6.911993551254272, "cls_loss": 6.9119384765625, "greedy_loss": 0.0055081223603338, "time": 0.2025521993637085, "epoch": 1, "memory": 5310, "step": 1700}
{"lr": 1.0085174241858666e-05, "data_time": 0.0011399269104003906, "grad_norm": 2.2060089349746703, "loss": 6.912765693664551, "cls_loss": 6.9127197265625, "greedy_loss": 0.004584840638563037, "time": 0.19994630813598632, "epoch": 1, "memory": 5310, "step": 1800}
{"lr": 1.0617979925119293e-05, "data_time": 0.0010277509689331054, "grad_norm": 2.2094947338104247, "loss": 6.9100793361663815, "cls_loss": 6.9100341796875, "greedy_loss": 0.004517740057781339, "time": 0.2032407760620117, "epoch": 1, "memory": 5310, "step": 1900}
{"lr": 1.1150785608379907e-05, "data_time": 0.0011212825775146484, "grad_norm": 2.2236739873886107, "loss": 6.905757331848145, "cls_loss": 6.905712890625, "greedy_loss": 0.004450893634930253, "time": 0.20320780277252198, "epoch": 1, "memory": 5310, "step": 2000}
{"lr": 1.1683591291640513e-05, "data_time": 0.0009944677352905274, "grad_norm": 2.1880013227462767, "loss": 6.908970212936401, "cls_loss": 6.90892333984375, "greedy_loss": 0.004683801718056202, "time": 0.19876012802124024, "epoch": 1, "memory": 5310, "step": 2100}
{"lr": 1.2216396974901149e-05, "data_time": 0.0009690284729003906, "grad_norm": 2.1674232721328734, "loss": 6.905779838562012, "cls_loss": 6.9057373046875, "greedy_loss": 0.004255408071912825, "time": 0.20245203971862794, "epoch": 1, "memory": 5310, "step": 2200}
{"lr": 1.2749202658161776e-05, "data_time": 0.0007704734802246094, "grad_norm": 2.155318808555603, "loss": 6.9094014167785645, "cls_loss": 6.90936279296875, "greedy_loss": 0.003863949584774673, "time": 0.20306241512298584, "epoch": 1, "memory": 5310, "step": 2300}
{"lr": 1.3282008341422399e-05, "data_time": 0.000762176513671875, "grad_norm": 2.138897657394409, "loss": 6.9122905254364015, "cls_loss": 6.912255859375, "greedy_loss": 0.0034691580338403584, "time": 0.20654077529907228, "epoch": 1, "memory": 5310, "step": 2400}
{"lr": 1.381481402468303e-05, "data_time": 0.0011839151382446289, "grad_norm": 2.131836199760437, "loss": 6.907690000534058, "cls_loss": 6.90765380859375, "greedy_loss": 0.0036230849800631404, "time": 0.20429141521453859, "epoch": 1, "memory": 5310, "step": 2500}
{"lr": 1.4347619707943652e-05, "data_time": 0.0009209632873535157, "grad_norm": 2.1849066495895384, "loss": 6.906145811080933, "cls_loss": 6.906103515625, "greedy_loss": 0.004236594564281404, "time": 0.20252351760864257, "epoch": 1, "memory": 5310, "step": 2600}
{"lr": 1.4880425391204283e-05, "data_time": 0.000985431671142578, "grad_norm": 2.0783856749534606, "loss": 6.906313514709472, "cls_loss": 6.9062744140625, "greedy_loss": 0.003910751780495048, "time": 0.19920656681060792, "epoch": 1, "memory": 5310, "step": 2700}
{"lr": 1.5413231074464894e-05, "data_time": 0.0007474899291992187, "grad_norm": 2.059502065181732, "loss": 6.914544296264649, "cls_loss": 6.91451416015625, "greedy_loss": 0.0030110246036201714, "time": 0.20212812423706056, "epoch": 1, "memory": 5310, "step": 2800}
{"lr": 1.59460367577255e-05, "data_time": 0.0007371187210083007, "grad_norm": 2.0387911796569824, "loss": 6.912432670593262, "cls_loss": 6.91240234375, "greedy_loss": 0.0030315084615722297, "time": 0.20647854804992677, "epoch": 1, "memory": 5310, "step": 2900}
{"lr": 1.647884244098613e-05, "data_time": 0.0007408618927001953, "grad_norm": 2.0829609513282774, "loss": 6.906931161880493, "cls_loss": 6.90689697265625, "greedy_loss": 0.003431429318152368, "time": 0.20231168270111083, "epoch": 1, "memory": 5310, "step": 3000}
{"lr": 1.7011648124246746e-05, "data_time": 0.0007101774215698242, "grad_norm": 2.0454962730407713,