{"lr": 1.027477626428015e-06, "data_time": 0.04616539478302002, "grad_norm": 1.1504066228866576, "loss": 6.91322021484375, "accuracy_top-1": 0.0, "time": 0.10271775722503662, "epoch": 1, "memory": 655, "step": 100}
{"lr": 1.560283309688639e-06, "data_time": 0.0004503011703491211, "grad_norm": 1.1339030146598816, "loss": 6.91165771484375, "accuracy_top-1": 0.0, "time": 0.09624762535095215, "epoch": 1, "memory": 515, "step": 200}
{"lr": 2.0930889929492616e-06, "data_time": 0.09845645427703857, "grad_norm": 1.1549769997596742, "loss": 6.90523681640625, "accuracy_top-1": 0.0, "time": 0.1501899242401123, "epoch": 1, "memory": 515, "step": 300}
{"lr": 2.6258946762098858e-06, "data_time": 0.05692884922027588, "grad_norm": 1.157246434688568, "loss": 6.907861328125, "accuracy_top-1": 0.0, "time": 0.10885975360870362, "epoch": 1, "memory": 515, "step": 400}
{"lr": 3.1587003594705108e-06, "data_time": 0.04770679473876953, "grad_norm": 1.1364927411079406, "loss": 6.90810546875, "accuracy_top-1": 0.0, "time": 0.1038008451461792, "epoch": 1, "memory": 515, "step": 500}
{"lr": 3.6915060427311362e-06, "data_time": 0.057998490333557126, "grad_norm": 1.1466936945915223, "loss": 6.9063232421875, "accuracy_top-1": 0.0, "time": 0.11494078636169433, "epoch": 1, "memory": 515, "step": 600}
{"lr": 4.2243117259917625e-06, "data_time": 0.04683516025543213, "grad_norm": 1.1362919449806212, "loss": 6.91033935546875, "accuracy_top-1": 0.0, "time": 0.123874831199646, "epoch": 1, "memory": 515, "step": 700}
{"lr": 4.757117409252392e-06, "data_time": 0.0005068778991699219, "grad_norm": 1.1397657871246338, "loss": 6.9093505859375, "accuracy_top-1": 0.0, "time": 0.09102165699005127, "epoch": 1, "memory": 515, "step": 800}
{"lr": 5.289923092513027e-06, "data_time": 0.06331839561462402, "grad_norm": 1.1500610947608947, "loss": 6.91097412109375, "accuracy_top-1": 0.0, "time": 0.11532814502716064, "epoch": 1, "memory": 515, "step": 900}
{"lr": 5.822728775773663e-06, "data_time": 0.060378646850585936, "grad_norm": 1.1587990760803222, "loss": 6.9064208984375, "accuracy_top-1": 0.0, "time": 0.1142620325088501, "epoch": 1, "memory": 515, "step": 1000}
{"lr": 6.355534459034287e-06, "data_time": 0.0337186336517334, "grad_norm": 1.1492024660110474, "loss": 6.9077392578125, "accuracy_top-1": 0.0, "time": 0.11051547527313232, "epoch": 1, "memory": 515, "step": 1100}
{"lr": 6.888340142294907e-06, "data_time": 0.02781350612640381, "grad_norm": 1.1427743077278136, "loss": 6.908154296875, "accuracy_top-1": 0.0, "time": 0.09563245773315429, "epoch": 1, "memory": 515, "step": 1200}
{"lr": 7.421145825555537e-06, "data_time": 0.028079724311828612, "grad_norm": 1.1472706198692322, "loss": 6.90863037109375, "accuracy_top-1": 0.0, "time": 0.11514096260070801, "epoch": 1, "memory": 515, "step": 1300}
{"lr": 7.953951508816164e-06, "data_time": 0.0697523832321167, "grad_norm": 1.1444303870201111, "loss": 6.900341796875, "accuracy_top-1": 0.0, "time": 0.12086386680603027, "epoch": 1, "memory": 515, "step": 1400}
{"lr": 8.4867571920768e-06, "data_time": 0.051851439476013186, "grad_norm": 1.1337361693382264, "loss": 6.90760498046875, "accuracy_top-1": 0.0, "time": 0.1039163589477539, "epoch": 1, "memory": 515, "step": 1500}
{"lr": 9.019562875337417e-06, "data_time": 0.036877775192260744, "grad_norm": 1.1343155384063721, "loss": 6.89964599609375, "accuracy_top-1": 0.0, "time": 0.08937292098999024, "epoch": 1, "memory": 515, "step": 1600}
{"lr": 9.552368558598042e-06, "data_time": 0.04436674118041992, "grad_norm": 1.1470879197120667, "loss": 6.90283203125, "accuracy_top-1": 0.0, "time": 0.09620721340179443, "epoch": 1, "memory": 515, "step": 1700}
{"lr": 1.0085174241858666e-05, "data_time": 0.04858367443084717, "grad_norm": 1.1464792966842652, "loss": 6.90145263671875, "accuracy_top-1": 0.0, "time": 0.10085268020629883, "epoch": 1, "memory": 515, "step": 1800}
{"lr": 1.0617979925119293e-05, "data_time": 0.0452655553817749, "grad_norm": 1.1497860074043273, "loss": 6.90416259765625, "accuracy_top-1": 0.0, "time": 0.11986451148986817, "epoch": 1, "memory": 515, "step": 1900}
{"lr": 1.1150785608379907e-05, "data_time": 0.009360980987548829, "grad_norm": 1.1554072737693786, "loss": 6.896630859375, "accuracy_top-1": 0.0, "time": 0.10179874897003174, "epoch": 1, "memory": 515, "step": 2000}
{"lr": 1.1683591291640513e-05, "data_time": 0.0753774881362915, "grad_norm": 1.1617365837097169, "loss": 6.89642333984375, "accuracy_top-1": 0.0, "time": 0.12724041938781738, "epoch": 1, "memory": 515, "step": 2100}
{"lr": 1.2216396974901149e-05, "data_time": 0.06953163146972656, "grad_norm": 1.1382170081138612, "loss": 6.9008056640625, "accuracy_top-1": 0.0, "time": 0.12518017292022704, "epoch": 1, "memory": 515, "step": 2200}
{"lr": 1.2749202658161776e-05, "data_time": 0.07504618167877197, "grad_norm": 1.1462818145751954, "loss": 6.90445556640625, "accuracy_top-1": 3.125, "time": 0.1471918821334839, "epoch": 1, "memory": 515, "step": 2300}
{"lr": 1.3282008341422399e-05, "data_time": 0.0019496679306030273, "grad_norm": 1.1421031951904297, "loss": 6.9022216796875, "accuracy_top-1": 0.0, "time": 0.09744117259979249, "epoch": 1, "memory": 515, "step": 2400}
{"lr": 1.381481402468303e-05, "data_time": 0.0004972934722900391, "grad_norm": 1.1524889826774598, "loss": 6.892236328125, "accuracy_top-1": 0.0, "time": 0.10897538661956788, "epoch": 1, "memory": 515, "step": 2500}
{"lr": 1.4347619707943652e-05, "data_time": 0.0005825281143188477, "grad_norm": 1.150441575050354, "loss": 6.8976318359375, "accuracy_top-1": 0.0, "time": 0.08553059101104736, "epoch": 1, "memory": 515, "step": 2600}
{"lr": 1.4880425391204283e-05, "data_time": 0.013866758346557618, "grad_norm": 1.159426987171173, "loss": 6.8866455078125, "accuracy_top-1": 0.0, "time": 0.09008514881134033, "epoch": 1, "memory": 515, "step": 2700}
{"lr": 1.5413231074464894e-05, "data_time": 0.05033695697784424, "grad_norm": 1.1495434045791626, "loss": 6.885107421875, "accuracy_top-1": 0.0, "time": 0.10274522304534912, "epoch": 1, "memory": 515, "step": 2800}
{"lr": 1.59460367577255e-05, "data_time": 0.0269214391708374, "grad_norm": 1.153188133239746, "loss": 6.88856201171875, "accuracy_top-1": 0.0, "time": 0.10640916824340821, "epoch": 1, "memory": 515, "step": 2900}
{"lr": 1.647884244098613e-05, "data_time": 0.06782770156860352, "grad_norm": 1.151317572593689, "loss": 6.877880859375, "accuracy_top-1": 0.0, "time": 0.12354364395141601, "epoch": 1, "memory": 515, "step": 3000}
{"lr": 1.7011648124246746e-05, "data_time": 0.01170644760131836, "grad_norm": 1.143556535243988, "loss": 6.88900146484375, "accuracy_top-1": 0.0, "time": 0.11737871170043945, "epoch": 1, "memory": 515, "step": 3100}
{"lr": 1.75444538075074e-05, "data_time": 0.05497417449951172, "grad_norm": 1.152819848060608, "loss": 6.877197265625, "accuracy_top-1": 0.0, "time": 0.11360025405883789, "epoch": 1, "memory": 515, "step": 3200}
{"lr": 1.8077259490768035e-05, "data_time": 0.004748415946960449, "grad_norm": 1.1547873139381408, "loss": 6.869775390625, "accuracy_top-1": 0.0, "time": 0.11620779037475586, "epoch": 1, "memory": 515, "step": 3300}
{"lr": 1.8610065174028666e-05, "data_time": 0.06945452690124512, "grad_norm": 1.142458188533783, "loss": 6.86588134765625, "accuracy_top-1": 0.0, "time": 0.12165701389312744, "epoch": 1, "memory": 515, "step": 3400}
{"lr": 1.9142870857289304e-05, "data_time": 0.049701476097106935, "grad_norm": 1.1595472335815429, "loss": 6.85648193359375, "accuracy_top-1": 0.0, "time": 0.10885968208312988, "epoch": 1, "memory": 515, "step": 3500}
{"lr": 1.9675676540549952e-05, "data_time": 0.04625780582427978, "grad_norm": 1.1696984410285949, "loss": 6.8590087890625, "accuracy_top-1": 0.0, "time": 0.10606279373168945, "epoch": 1, "memory": 515, "step": 3600}
{"lr": 2.0208482223810583e-05, "data_time": 0.007234692573547363, "grad_norm": 1.1697090864181519, "loss": 6.8624755859375, "accuracy_top-1": 0.0, "time": 0.1157839298248291, "epoch": 1, "memory": 515, "step": 3700}
{"lr": 2.0741287907071234e-05,