{"lr": 1.5549665059521274e-06, "data_time": 0.001486492156982422, "grad_norm": 3.154696893692017, "loss": 6.906667613983155, "accuracy_top-1": 0.0, "cls_loss": 6.905438232421875, "greedy_loss": 0.12293461710214615, "time": 0.3539241313934326, "epoch": 1, "memory": 8753, "step": 100}
{"lr": 2.6205892392371074e-06, "data_time": 0.0011956214904785157, "grad_norm": 1.9311076045036315, "loss": 6.908944511413575, "accuracy_top-1": 0.0, "cls_loss": 6.90860595703125, "greedy_loss": 0.033859489299356935, "time": 0.35741095542907714, "epoch": 1, "memory": 8753, "step": 200}
