{"lr": 1.027477626428015e-06, "data_time": 0.0011910200119018555, "grad_norm": 4.640180826187134, "loss": 6.912794351577759, "cls_loss": 6.9105224609375, "greedy_loss": 0.22719614654779435, "time": 0.197784948348999, "epoch": 1, "memory": 5306, "step": 100}
{"lr": 1.560283309688639e-06, "data_time": 0.0011524438858032226, "grad_norm": 3.1297016382217406, "loss": 6.916934871673584, "cls_loss": 6.91629638671875, "greedy_loss": 0.06383671909570694, "time": 0.19801123142242433, "epoch": 1, "memory": 5305, "step": 200}
