{"lr": 6.378973668533482e-08, "data_time": 0.0011379241943359375, "grad_norm": 1.4492586255073547, "loss": 6.910131978988647, "accuracy_top-1": 0.0, "cls_loss": 6.9056884765625, "greedy_loss": 0.004443476162850857, "time": 0.22478597164154052, "epoch": 1, "memory": 5205, "step": 200}
{"lr": 1.223748407521237e-07, "data_time": 0.0010878324508666992, "grad_norm": 1.0277369797229767, "loss": 6.904459142684937, "accuracy_top-1": 0.0, "cls_loss": 6.90010986328125, "greedy_loss": 0.004349261149764061, "time": 0.22487921714782716, "epoch": 1, "memory": 5205, "step": 400}
{"lr": 1.8095994481891294e-07, "data_time": 0.0011227846145629883, "grad_norm": 1.0593738853931427, "loss": 6.899729633331299, "accuracy_top-1": 0.0, "cls_loss": 6.89547119140625, "greedy_loss": 0.004258404811844229, "time": 0.22615363597869872, "epoch": 1, "memory": 5205, "step": 600}
{"lr": 2.395450488857021e-07, "data_time": 0.0010582208633422852, "grad_norm": 1.088903832435608, "loss": 6.8884227752685545, "accuracy_top-1": 0.0, "cls_loss": 6.88438720703125, "greedy_loss": 0.004035567119717598, "time": 0.224869704246521, "epoch": 1, "memory": 5205, "step": 800}
{"lr": 2.9813015295249067e-07, "data_time": 0.00104830265045166, "grad_norm": 1.0705970704555512, "loss": 6.880502653121948, "accuracy_top-1": 0.0, "cls_loss": 6.87672119140625, "greedy_loss": 0.0037814701441675424, "time": 0.22480990886688232, "epoch": 1, "memory": 5205, "step": 1000}
{"lr": 3.5671525701927935e-07, "data_time": 0.0010856866836547851, "grad_norm": 1.411364197731018, "loss": 6.861602926254273, "accuracy_top-1": 0.0, "cls_loss": 6.8581787109375, "greedy_loss": 0.0034242541063576938, "time": 0.22556111812591553, "epoch": 1, "memory": 5205, "step": 1200}
{"lr": 4.153003610860676e-07, "data_time": 0.0010299205780029297, "grad_norm": NaN, "loss": 6.849386358261109, "accuracy_top-1": 0.0, "cls_loss": 6.8463623046875, "greedy_loss": 0.0030239943647757173, "time": 0.2233515739440918, "epoch": 1, "memory": 5205, "step": 1400}
{"lr": 4.7388546515285607e-07, "data_time": 0.0010190010070800781, "grad_norm": 1.0377070665359498, "loss": 6.832390022277832, "accuracy_top-1": 3.125, "cls_loss": 6.82978515625, "greedy_loss": 0.0026049170875921844, "time": 0.22508058547973633, "epoch": 1, "memory": 5205, "step": 1600}
{"lr": 5.324705692196449e-07, "data_time": 0.0012001276016235351, "grad_norm": 1.2324351072311401, "loss": 6.823344945907593, "accuracy_top-1": 0.0, "cls_loss": 6.82119140625, "greedy_loss": 0.0021534792613238096, "time": 0.2254175662994385, "epoch": 1, "memory": 5205, "step": 1800}
{"lr": 5.910556732864326e-07, "data_time": 0.0010120630264282226, "grad_norm": 1.4391594111919404, "loss": 6.804870223999023, "accuracy_top-1": 6.25, "cls_loss": 6.80299072265625, "greedy_loss": 0.001879496150650084, "time": 0.22436606884002686, "epoch": 1, "memory": 5205, "step": 2000}
{"lr": 6.496407773532237e-07, "data_time": 0.0010738372802734375, "grad_norm": 1.06139577627182, "loss": 6.780393600463867, "accuracy_top-1": 6.25, "cls_loss": 6.77886962890625, "greedy_loss": 0.0015239304513670505, "time": 0.22511053085327148, "epoch": 1, "memory": 5205, "step": 2200}
{"lr": 7.082258814200127e-07, "data_time": 0.0008426904678344727, "grad_norm": 1.2353218078613282, "loss": 6.768448257446289, "accuracy_top-1": 9.375, "cls_loss": 6.76717529296875, "greedy_loss": 0.0012729652458801865, "time": 0.2255706548690796, "epoch": 1, "memory": 5205, "step": 2400}
{"lr": 7.668109854868035e-07, "data_time": 0.0010788917541503906, "grad_norm": 1.311038088798523, "loss": 6.734603643417358, "accuracy_top-1": 18.75, "cls_loss": 6.7334228515625, "greedy_loss": 0.0011807736242190003, "time": 0.2310788869857788, "epoch": 1, "memory": 5205, "step": 2600}
{"lr": 8.253960895535937e-07, "data_time": 0.0012425661087036132, "grad_norm": 1.4940677046775819, "loss": 6.730734062194824, "accuracy_top-1": 6.25, "cls_loss": 6.7296875, "greedy_loss": 0.0010465465544257312, "time": 0.22549328804016114, "epoch": 1, "memory": 5205, "step": 2800}
{"lr": 8.839811936203827e-07, "data_time": 0.0011107444763183594, "grad_norm": 1.208875346183777, "loss": 6.6986244201660154, "accuracy_top-1": 3.125, "cls_loss": 6.6977783203125, "greedy_loss": 0.000846091442508623, "time": 0.22538280487060547, "epoch": 1, "memory": 5205, "step": 3000}
{"lr": 9.425662976871706e-07, "data_time": 0.0009702682495117187, "grad_norm": 1.4380974650382996, "loss": 6.684734106063843, "accuracy_top-1": 3.125, "cls_loss": 6.68389892578125, "greedy_loss": 0.0008351516851689666, "time": 0.22377564907073974, "epoch": 1, "memory": 5205, "step": 3200}
{"lr": 1.0011514017539583e-06, "data_time": 0.0010951995849609376, "grad_norm": 1.577786374092102, "loss": 6.63310227394104, "accuracy_top-1": 18.75, "cls_loss": 6.63236083984375, "greedy_loss": 0.0007413326995447278, "time": 0.22818310260772706, "epoch": 1, "memory": 5205, "step": 3400}
{"lr": 1.05973650582075e-06, "data_time": 0.0010838270187377929, "grad_norm": 1.881898784637451, "loss": 6.634784603118897, "accuracy_top-1": 15.625, "cls_loss": 6.63408203125, "greedy_loss": 0.0007026471954304725, "time": 0.2254629135131836, "epoch": 1, "memory": 5205, "step": 3600}
{"lr": 1.1183216098875382e-06, "data_time": 0.0010664224624633788, "grad_norm": 1.5430736541748047, "loss": 6.60765495300293, "accuracy_top-1": 34.375, "cls_loss": 6.6070556640625, "greedy_loss": 0.0005993694474454969, "time": 0.22954490184783935, "epoch": 1, "memory": 5205, "step": 3800}
{"lr": 1.176906713954329e-06, "data_time": 0.0011009693145751954, "grad_norm": 1.4772939801216125, "loss": 6.58703465461731, "accuracy_top-1": 12.5, "cls_loss": 6.58646240234375, "greedy_loss": 0.0005722077621612698, "time": 0.22681634426116942, "epoch": 1, "memory": 5205, "step": 4000}
{"lr": 1.2354918180211212e-06, "data_time": 0.0010469198226928712, "grad_norm": 4.027686715126038, "loss": 6.535016202926636, "accuracy_top-1": 15.625, "cls_loss": 6.53450927734375, "greedy_loss": 0.00050698489358183, "time": 0.22752666473388672, "epoch": 1, "memory": 5205, "step": 4200}
{"lr": 1.2940769220879129e-06, "data_time": 0.0010491609573364258, "grad_norm": 1.872247076034546, "loss": 6.510966014862061, "accuracy_top-1": 9.375, "cls_loss": 6.51048583984375, "greedy_loss": 0.00048018595261964945, "time": 0.2248007297515869, "epoch": 1, "memory": 5205, "step": 4400}
{"lr": 1.3526620261547054e-06, "data_time": 0.001067352294921875, "grad_norm": 1.7277194380760192, "loss": 6.4981965065002445, "accuracy_top-1": 9.375, "cls_loss": 6.49775390625, "greedy_loss": 0.00044264007010497153, "time": 0.2259437322616577, "epoch": 1, "memory": 5205, "step": 4600}
{"lr": 1.4112471302215004e-06, "data_time": 0.0011034011840820312, "grad_norm": 1.675259006023407, "loss": 6.477202129364014, "accuracy_top-1": 9.375, "cls_loss": 6.47679443359375, "greedy_loss": 0.00040769215556792917, "time": 0.22587184906005858, "epoch": 1, "memory": 5205, "step": 4800}
{"lr": 1.4698322342882908e-06, "data_time": 0.000991225242614746, "grad_norm": 2.5873881578445435, "loss": 6.42469744682312, "accuracy_top-1": 15.625, "cls_loss": 6.424267578125, "greedy_loss": 0.0004299275082303211, "time": 0.22626757621765137, "epoch": 1, "memory": 5205, "step": 5000}
{"lr": 1.5284173383550813e-06, "data_time": 0.0010200738906860352, "grad_norm": 2.044500744342804, "loss": 6.391498041152954, "accuracy_top-1": 15.625, "cls_loss": 6.39111328125, "greedy_loss": 0.0003847911866614595, "time": 0.2246797800064087, "epoch": 1, "memory": 5205, "step": 5200}
{"lr": 1.5870024424218747e-06, "data_time": 0.0011031389236450194, "grad_norm": 2.494046676158905, "loss": 6.391012907028198, "accuracy_top-1": 12.5, "cls_loss": 6.3906494140625, "greedy_loss": 0.0003634713328210637, "time": 0.22628638744354249, "epoch": 1, "memory": 5205, "step": 5400}
{"lr": 1.645587546488665e-06, "data_time": 0.0010852575302124023, "grad_norm": 2.006267488002777, "loss": 6.369451713562012, "accuracy_top-1": 28.125, "cls_loss": 6.3691162109375, "greedy_loss": 0.0003355087363161147, "time": 0.22621254920959472,