{"lr": 1.027477626428015e-06, "data_time": 0.0011846065521240235, "grad_norm": 4.925577402114868, "loss": 6.913853025436401, "cls_loss": 6.9113037109375, "greedy_loss": 0.25493584722280505, "time": 0.20231008529663086, "epoch": 1, "memory": 5306, "step": 100}
{"lr": 1.560283309688639e-06, "data_time": 0.0012771368026733398, "grad_norm": 3.5639885902404784, "loss": 6.914542484283447, "cls_loss": 6.9135009765625, "greedy_loss": 0.1041499324142933, "time": 0.1985084056854248, "epoch": 1, "memory": 5305, "step": 200}
{"lr": 2.0930889929492616e-06, "data_time": 0.001145315170288086, "grad_norm": 2.803353500366211, "loss": 6.910502576828003, "cls_loss": 6.91009521484375, "greedy_loss": 0.0407388411462307, "time": 0.20058469772338866, "epoch": 1, "memory": 5305, "step": 300}
{"lr": 2.6258946762098858e-06, "data_time": 0.0010378599166870118, "grad_norm": 2.691065239906311, "loss": 6.908840703964233, "cls_loss": 6.90858154296875, "greedy_loss": 0.02591215427964926, "time": 0.20224835872650146, "epoch": 1, "memory": 5305, "step": 400}
{"lr": 3.1587003594705108e-06, "data_time": 0.0010156631469726562, "grad_norm": 2.556969094276428, "loss": 6.913460779190063, "cls_loss": 6.9132568359375, "greedy_loss": 0.02038714662194252, "time": 0.2004164218902588, "epoch": 1, "memory": 5305, "step": 500}
{"lr": 3.6915060427311362e-06, "data_time": 0.0011000633239746094, "grad_norm": 2.3783886194229127, "loss": 6.910913467407227, "cls_loss": 6.91075439453125, "greedy_loss": 0.01590616498142481, "time": 0.20343551635742188, "epoch": 1, "memory": 5305, "step": 600}
{"lr": 4.2243117259917625e-06, "data_time": 0.0009265899658203125, "grad_norm": 2.4011613845825197, "loss": 6.910614919662476, "cls_loss": 6.91048583984375, "greedy_loss": 0.012905383110046386, "time": 0.2020111560821533, "epoch": 1, "memory": 5305, "step": 700}
