{"lr": 1.027477626428015e-06, "data_time": 0.0010161638259887696, "grad_norm": 17.670683193206788, "loss": 7.23951416015625, "accuracy_top-1": 0.0, "time": 0.20337114334106446, "epoch": 1, "memory": 5324, "step": 100}
{"lr": 1.560283309688639e-06, "data_time": 0.0009508132934570312, "grad_norm": 15.54373083114624, "loss": 7.1484130859375, "accuracy_top-1": 0.0, "time": 0.19289495944976806, "epoch": 1, "memory": 5324, "step": 200}
{"lr": 2.0930889929492616e-06, "data_time": 0.0009751081466674805, "grad_norm": 10.982825660705567, "loss": 7.06192626953125, "accuracy_top-1": 0.0, "time": 0.19534287452697754, "epoch": 1, "memory": 5324, "step": 300}
{"lr": 2.6258946762098858e-06, "data_time": 0.0011092424392700195, "grad_norm": 7.609674024581909, "loss": 6.9289306640625, "accuracy_top-1": 0.0, "time": 0.19649946689605713, "epoch": 1, "memory": 5324, "step": 400}
{"lr": 3.1587003594705108e-06, "data_time": 0.0013124942779541016, "grad_norm": 6.015769672393799, "loss": 6.93544921875, "accuracy_top-1": 0.0, "time": 0.2008604049682617, "epoch": 1, "memory": 5324, "step": 500}
{"lr": 3.6915060427311362e-06, "data_time": 0.0010578393936157226, "grad_norm": 5.41543025970459, "loss": 6.90849609375, "accuracy_top-1": 0.0, "time": 0.1997516632080078, "epoch": 1, "memory": 5324, "step": 600}
{"lr": 4.2243117259917625e-06, "data_time": 0.0007784843444824218, "grad_norm": 5.291398239135742, "loss": 6.90902099609375, "accuracy_top-1": 0.0, "time": 0.19795091152191163, "epoch": 1, "memory": 5324, "step": 700}
{"lr": 4.757117409252392e-06, "data_time": 0.001140451431274414, "grad_norm": 5.924938678741455, "loss": 6.85687255859375, "accuracy_top-1": 0.0, "time": 0.20049593448638917, "epoch": 1, "memory": 5324, "step": 800}
{"lr": 5.289923092513027e-06, "data_time": 0.0010200262069702149, "grad_norm": 6.831305742263794, "loss": 6.87958984375, "accuracy_top-1": 0.0, "time": 0.19920408725738525, "epoch": 1, "memory": 5324, "step": 900}
{"lr": 5.822728775773663e-06, "data_time": 0.0010721921920776368, "grad_norm": 8.301770067214965, "loss": 6.81314697265625, "accuracy_top-1": 0.0, "time": 0.20090122222900392, "epoch": 1, "memory": 5324, "step": 1000}
{"lr": 6.355534459034287e-06, "data_time": 0.0010215282440185548, "grad_norm": 9.487884712219238, "loss": 6.74998779296875, "accuracy_top-1": 0.0, "time": 0.20294435024261476, "epoch": 1, "memory": 5324, "step": 1100}
{"lr": 6.888340142294907e-06, "data_time": 0.0009695053100585938, "grad_norm": 10.1603271484375, "loss": 6.616162109375, "accuracy_top-1": 3.125, "time": 0.20668232440948486, "epoch": 1, "memory": 5324, "step": 1200}
{"lr": 7.421145825555537e-06, "data_time": 0.0010488033294677734, "grad_norm": 11.191829395294189, "loss": 6.4900146484375, "accuracy_top-1": 0.0, "time": 0.19899914264678956, "epoch": 1, "memory": 5324, "step": 1300}
{"lr": 7.953951508816164e-06, "data_time": 0.001017451286315918, "grad_norm": 11.902636051177979, "loss": 6.32640380859375, "accuracy_top-1": 0.0, "time": 0.20168817043304443, "epoch": 1, "memory": 5324, "step": 1400}
{"lr": 8.4867571920768e-06, "data_time": 0.0010187864303588868, "grad_norm": 12.127849578857422, "loss": 6.3944091796875, "accuracy_top-1": 3.125, "time": 0.20014655590057373, "epoch": 1, "memory": 5324, "step": 1500}
{"lr": 9.019562875337417e-06, "data_time": 0.0011895179748535156, "grad_norm": 12.430675601959228, "loss": 6.26395263671875, "accuracy_top-1": 0.0, "time": 0.2010967969894409, "epoch": 1, "memory": 5324, "step": 1600}
{"lr": 9.552368558598042e-06, "data_time": 0.0009164094924926757, "grad_norm": 12.64810552597046, "loss": 6.17021484375, "accuracy_top-1": 0.0, "time": 0.20021708011627198, "epoch": 1, "memory": 5324, "step": 1700}
{"lr": 1.0085174241858666e-05, "data_time": 0.0010510921478271485, "grad_norm": 13.086422443389893, "loss": 6.01298828125, "accuracy_top-1": 0.0, "time": 0.20089213848114013, "epoch": 1, "memory": 5324, "step": 1800}
{"lr": 1.0617979925119293e-05, "data_time": 0.0010608434677124023, "grad_norm": 12.998871803283691, "loss": 6.0019775390625, "accuracy_top-1": 0.0, "time": 0.20123291015625, "epoch": 1, "memory": 5324, "step": 1900}
{"lr": 1.1150785608379907e-05, "data_time": 0.0010343313217163086, "grad_norm": 13.35576114654541, "loss": 6.025469970703125, "accuracy_top-1": 0.0, "time": 0.20364634990692138, "epoch": 1, "memory": 5324, "step": 2000}
{"lr": 1.1683591291640513e-05, "data_time": 0.0010169267654418946, "grad_norm": 13.3639630317688, "loss": 5.829019165039062, "accuracy_top-1": 3.125, "time": 0.20044264793395997, "epoch": 1, "memory": 5324, "step": 2100}
{"lr": 1.2216396974901149e-05, "data_time": 0.0011037111282348633, "grad_norm": 13.434437656402588, "loss": 5.77398681640625, "accuracy_top-1": 0.0, "time": 0.2014317274093628, "epoch": 1, "memory": 5324, "step": 2200}
{"lr": 1.2749202658161776e-05, "data_time": 0.0009337186813354493, "grad_norm": 13.649698734283447, "loss": 5.6201904296875, "accuracy_top-1": 6.25, "time": 0.20595004558563232, "epoch": 1, "memory": 5324, "step": 2300}
{"lr": 1.3282008341422399e-05, "data_time": 0.0010994672775268555, "grad_norm": 13.726953887939453, "loss": 5.775341796875, "accuracy_top-1": 9.375, "time": 0.20100548267364501, "epoch": 1, "memory": 5324, "step": 2400}
{"lr": 1.381481402468303e-05, "data_time": 0.001176929473876953, "grad_norm": 13.684314632415772, "loss": 5.494790649414062, "accuracy_top-1": 12.5, "time": 0.20078623294830322, "epoch": 1, "memory": 5324, "step": 2500}
{"lr": 1.4347619707943652e-05, "data_time": 0.0010789155960083008, "grad_norm": 13.714842319488525, "loss": 5.2678680419921875, "accuracy_top-1": 12.5, "time": 0.20128140449523926, "epoch": 1, "memory": 5324, "step": 2600}
{"lr": 1.4880425391204283e-05, "data_time": 0.0009813308715820312, "grad_norm": 13.981475734710694, "loss": 5.173532104492187, "accuracy_top-1": 15.625, "time": 0.20011475086212158, "epoch": 1, "memory": 5324, "step": 2700}
{"lr": 1.5413231074464894e-05, "data_time": 0.0008922100067138671, "grad_norm": 14.051385116577148, "loss": 4.984100341796875, "accuracy_top-1": 18.75, "time": 0.20270082950592042, "epoch": 1, "memory": 5324, "step": 2800}
{"lr": 1.59460367577255e-05, "data_time": 0.0008730411529541016, "grad_norm": 14.627968883514404, "loss": 4.854666137695313, "accuracy_top-1": 15.625, "time": 0.20037078857421875, "epoch": 1, "memory": 5324, "step": 2900}
{"lr": 1.647884244098613e-05, "data_time": 0.0009755373001098632, "grad_norm": 14.40153694152832, "loss": 4.769792175292968, "accuracy_top-1": 15.625, "time": 0.20058765411376953, "epoch": 1, "memory": 5324, "step": 3000}
{"lr": 1.7011648124246746e-05, "data_time": 0.0009651899337768555, "grad_norm": 14.723239421844482, "loss": 4.855227661132813, "accuracy_top-1": 12.5, "time": 0.20086920261383057, "epoch": 1, "memory": 5324, "step": 3100}
{"lr": 1.75444538075074e-05, "data_time": 0.0010753631591796874, "grad_norm": 14.723501014709473, "loss": 4.56767578125, "accuracy_top-1": 21.875, "time": 0.20267057418823242, "epoch": 1, "memory": 5324, "step": 3200}
