{"lr": 1.5549665059521274e-06, "data_time": 0.001177358627319336, "grad_norm": 3.051824378967285, "loss": 6.911502885818481, "cls_loss": 6.91024169921875, "greedy_loss": 0.12611881271004677, "time": 0.34182052612304686, "epoch": 1, "memory": 8751, "step": 100}
{"lr": 2.6205892392371074e-06, "data_time": 0.0013171911239624023, "grad_norm": 1.9478095889091491, "loss": 6.915346097946167, "cls_loss": 6.91497802734375, "greedy_loss": 0.036805428192019464, "time": 0.35549087524414064, "epoch": 1, "memory": 8751, "step": 200}
{"lr": 3.68621197252208e-06, "data_time": 0.0012096881866455079, "grad_norm": 1.7970690608024598, "loss": 6.909608554840088, "cls_loss": 6.909381103515625, "greedy_loss": 0.022738180682063104, "time": 0.35829410552978513, "epoch": 1, "memory": 8751, "step": 300}
{"lr": 4.751834705807055e-06, "data_time": 0.0011230707168579102, "grad_norm": 1.7498703002929688, "loss": 6.913679933547973, "cls_loss": 6.913519287109375, "greedy_loss": 0.016062893718481065, "time": 0.357996392250061, "epoch": 1, "memory": 8751, "step": 400}
{"lr": 5.817457439092035e-06, "data_time": 0.0012071847915649414, "grad_norm": 1.675608217716217, "loss": 6.909291362762451, "cls_loss": 6.909173583984375, "greedy_loss": 0.011776047945022582, "time": 0.3581785440444946, "epoch": 1, "memory": 8751, "step": 500}
{"lr": 6.883080172377023e-06, "data_time": 0.0010220527648925782, "grad_norm": 1.6542079329490662, "loss": 6.909461975097656, "cls_loss": 6.909368896484375, "greedy_loss": 0.009312804602086545, "time": 0.3631918430328369, "epoch": 1, "memory": 8751, "step": 600}
