{"lr": 1.027477626428015e-06, "data_time": 0.0011420488357543946, "grad_norm": 5.366127920150757, "loss": 6.913701677322388, "cls_loss": 6.91151123046875, "greedy_loss": 0.21904776096343995, "time": 0.19132423400878906, "epoch": 1, "memory": 5306, "step": 100}
{"lr": 1.560283309688639e-06, "data_time": 0.0007906675338745118, "grad_norm": 3.2388991355895995, "loss": 6.900962448120117, "cls_loss": 6.90020751953125, "greedy_loss": 0.07548891231417656, "time": 0.19369058609008788, "epoch": 1, "memory": 5305, "step": 200}
{"lr": 2.0930889929492616e-06, "data_time": 0.0012800216674804688, "grad_norm": 3.0591811180114745, "loss": 6.920817089080811, "cls_loss": 6.92042236328125, "greedy_loss": 0.03946622721850872, "time": 0.19407331943511963, "epoch": 1, "memory": 5305, "step": 300}
{"lr": 2.6258946762098858e-06, "data_time": 0.001138782501220703, "grad_norm": 2.6038199186325075, "loss": 6.9093194007873535, "cls_loss": 6.9090576171875, "greedy_loss": 0.02617111410945654, "time": 0.19522149562835694, "epoch": 1, "memory": 5305, "step": 400}
{"lr": 3.1587003594705108e-06, "data_time": 0.0009196996688842773, "grad_norm": 2.5407903671264647, "loss": 6.903919410705567, "cls_loss": 6.9037109375, "greedy_loss": 0.020848610438406467, "time": 0.19717941284179688, "epoch": 1, "memory": 5305, "step": 500}
{"lr": 3.6915060427311362e-06, "data_time": 0.0007404088973999023, "grad_norm": 2.4531164169311523, "loss": 6.905160665512085, "cls_loss": 6.9050048828125, "greedy_loss": 0.015585351269692183, "time": 0.1992424249649048, "epoch": 1, "memory": 5305, "step": 600}
{"lr": 4.2243117259917625e-06, "data_time": 0.0012959957122802735, "grad_norm": 2.3826513290405273, "loss": 6.913294839859009, "cls_loss": 6.9131591796875, "greedy_loss": 0.013563803117722272, "time": 0.20048141479492188, "epoch": 1, "memory": 5305, "step": 700}
{"lr": 4.757117409252392e-06, "data_time": 0.0009547233581542969, "grad_norm": 2.282543754577637, "loss": 6.914310359954834, "cls_loss": 6.91419677734375, "greedy_loss": 0.011359850317239762, "time": 0.19907383918762206, "epoch": 1, "memory": 5305, "step": 800}
{"lr": 5.289923092513027e-06, "data_time": 0.0009283781051635742, "grad_norm": 2.293987512588501, "loss": 6.914902973175049, "cls_loss": 6.91480712890625, "greedy_loss": 0.009585981164127589, "time": 0.1993929386138916, "epoch": 1, "memory": 5305, "step": 900}
