{"lr": 1.027477626428015e-06, "data_time": 0.0011527538299560547, "grad_norm": 4.5556916236877445, "loss": 6.911083936691284, "cls_loss": 6.90889892578125, "greedy_loss": 0.21850040555000305, "time": 0.20214037895202636, "epoch": 1, "memory": 5310, "step": 100}
{"lr": 1.560283309688639e-06, "data_time": 0.0010432958602905273, "grad_norm": 2.995638847351074, "loss": 6.9152923107147215, "cls_loss": 6.9146484375, "greedy_loss": 0.0643898904323578, "time": 0.20378036499023439, "epoch": 1, "memory": 5310, "step": 200}
{"lr": 2.0930889929492616e-06, "data_time": 0.0007938146591186523, "grad_norm": 2.6306678295135497, "loss": 6.917573881149292, "cls_loss": 6.91722412109375, "greedy_loss": 0.03497511819005013, "time": 0.20123741626739503, "epoch": 1, "memory": 5310, "step": 300}
{"lr": 2.6258946762098858e-06, "data_time": 0.0009574413299560547, "grad_norm": 2.5692874670028685, "loss": 6.909459161758423, "cls_loss": 6.9092041015625, "greedy_loss": 0.02550718542188406, "time": 0.20171701908111572, "epoch": 1, "memory": 5310, "step": 400}
{"lr": 3.1587003594705108e-06, "data_time": 0.000920867919921875, "grad_norm": 2.573827862739563, "loss": 6.91282286643982, "cls_loss": 6.91263427734375, "greedy_loss": 0.018856791034340858, "time": 0.20151965618133544, "epoch": 1, "memory": 5310, "step": 500}
{"lr": 3.6915060427311362e-06, "data_time": 0.0009536027908325195, "grad_norm": 2.452712297439575, "loss": 6.902968215942383, "cls_loss": 6.90281982421875, "greedy_loss": 0.014832973387092352, "time": 0.19832360744476318, "epoch": 1, "memory": 5310, "step": 600}
