{"lr": 1.5549665059521274e-06, "data_time": 0.0011835813522338868, "grad_norm": 3.199315810203552, "loss": 6.910135221481323, "cls_loss": 6.90855712890625, "greedy_loss": 0.15780418813228608, "time": 0.3276209831237793, "epoch": 1, "memory": 8753, "step": 100}
{"lr": 2.6205892392371074e-06, "data_time": 0.0012144327163696289, "grad_norm": 1.921710157394409, "loss": 6.912144613265991, "cls_loss": 6.911773681640625, "greedy_loss": 0.03709927387535572, "time": 0.34341111183166506, "epoch": 1, "memory": 8753, "step": 200}
{"lr": 3.68621197252208e-06, "data_time": 0.0011876583099365234, "grad_norm": 1.7579426884651184, "loss": 6.912999868392944, "cls_loss": 6.9127685546875, "greedy_loss": 0.02313313391059637, "time": 0.3517777681350708, "epoch": 1, "memory": 8753, "step": 300}
{"lr": 4.751834705807055e-06, "data_time": 0.0011907577514648437, "grad_norm": 1.6979511737823487, "loss": 6.912134742736816, "cls_loss": 6.911981201171875, "greedy_loss": 0.0153549762442708, "time": 0.3527099132537842, "epoch": 1, "memory": 8753, "step": 400}
{"lr": 5.817457439092035e-06, "data_time": 0.0010132551193237304, "grad_norm": 1.6793709635734557, "loss": 6.909195375442505, "cls_loss": 6.90908203125, "greedy_loss": 0.011337190214544535, "time": 0.35461113452911375, "epoch": 1, "memory": 8753, "step": 500}
{"lr": 6.883080172377023e-06, "data_time": 0.0013889551162719726, "grad_norm": 1.6605190992355348, "loss": 6.910552263259888, "cls_loss": 6.91046142578125, "greedy_loss": 0.009072740562260151, "time": 0.3658915042877197, "epoch": 1, "memory": 8753, "step": 600}
{"lr": 7.948702905661997e-06, "data_time": 0.0011251449584960937, "grad_norm": 1.6080835342407227, "loss": 6.9075829029083256, "cls_loss": 6.90750732421875, "greedy_loss": 0.007557736709713936, "time": 0.35391507148742674, "epoch": 1, "memory": 8753, "step": 700}
{"lr": 9.014325638946979e-06, "data_time": 0.0011319160461425782, "grad_norm": 1.6234975934028626, "loss": 6.910025358200073, "cls_loss": 6.9099609375, "greedy_loss": 0.006439005397260189, "time": 0.3533244371414185, "epoch": 1, "memory": 8753, "step": 800}
{"lr": 1.0079948372231979e-05, "data_time": 0.0011185884475708007, "grad_norm": 1.641785705089569, "loss": 6.910290288925171, "cls_loss": 6.9102294921875, "greedy_loss": 0.00607041334733367, "time": 0.3528348445892334, "epoch": 1, "memory": 8753, "step": 900}
{"lr": 1.1145571105516957e-05, "data_time": 0.0012510061264038087, "grad_norm": 1.621859323978424, "loss": 6.905834197998047, "cls_loss": 6.90577392578125, "greedy_loss": 0.006032273638993502, "time": 0.35263216495513916, "epoch": 1, "memory": 8753, "step": 1000}
{"lr": 1.2211193838801937e-05, "data_time": 0.001256871223449707, "grad_norm": 1.5794628500938415, "loss": 6.909925174713135, "cls_loss": 6.90987548828125, "greedy_loss": 0.004958586068823934, "time": 0.35420851707458495, "epoch": 1, "memory": 8753, "step": 1100}
{"lr": 1.327681657208691e-05, "data_time": 0.0014656543731689452, "grad_norm": 1.5786887168884278, "loss": 6.905817317962646, "cls_loss": 6.90577392578125, "greedy_loss": 0.004339550458826125, "time": 0.3538532733917236, "epoch": 1, "memory": 8753, "step": 1200}
{"lr": 1.4342439305371888e-05, "data_time": 0.0010650157928466797, "grad_norm": 1.5660557627677918, "loss": 6.909468936920166, "cls_loss": 6.909429931640625, "greedy_loss": 0.0038984735729172826, "time": 0.3510538816452026, "epoch": 1, "memory": 8753, "step": 1300}
{"lr": 1.5408062038656847e-05, "data_time": 0.0011003971099853515, "grad_norm": 1.5258773684501648, "loss": 6.9110939502716064, "cls_loss": 6.911053466796875, "greedy_loss": 0.0040397144388407465, "time": 0.3510796785354614, "epoch": 1, "memory": 8753, "step": 1400}
{"lr": 1.6473684771941803e-05, "data_time": 0.0011333942413330079, "grad_norm": 1.5503275394439697, "loss": 6.9093715190887455, "cls_loss": 6.909332275390625, "greedy_loss": 0.003926304401829839, "time": 0.3497887134552002, "epoch": 1, "memory": 8753, "step": 1500}
{"lr": 1.7539307505226773e-05, "data_time": 0.0012447118759155273, "grad_norm": 1.5657323002815247, "loss": 6.907110595703125, "cls_loss": 6.907073974609375, "greedy_loss": 0.003664879291318357, "time": 0.3508702039718628, "epoch": 1, "memory": 8753, "step": 1600}
{"lr": 1.8604930238511756e-05, "data_time": 0.0011818647384643556, "grad_norm": 1.5060888290405274, "loss": 6.907750034332276, "cls_loss": 6.907708740234375, "greedy_loss": 0.0041226769331842664, "time": 0.35029354095458987, "epoch": 1, "memory": 8753, "step": 1700}
{"lr": 1.9670552971796716e-05, "data_time": 0.001262831687927246, "grad_norm": 1.4695606112480164, "loss": 6.909478282928466, "cls_loss": 6.909442138671875, "greedy_loss": 0.003618687833659351, "time": 0.34966082572937013, "epoch": 1, "memory": 8753, "step": 1800}
{"lr": 2.0736175705081692e-05, "data_time": 0.0012616395950317382, "grad_norm": 1.4676376342773438, "loss": 6.908845329284668, "cls_loss": 6.9088134765625, "greedy_loss": 0.003185058874078095, "time": 0.34947710037231444, "epoch": 1, "memory": 8753, "step": 1900}
{"lr": 2.180179843836666e-05, "data_time": 0.001202392578125, "grad_norm": 1.4635953903198242, "loss": 6.9113575458526615, "cls_loss": 6.911328125, "greedy_loss": 0.0029374546837061645, "time": 0.34979748725891113, "epoch": 1, "memory": 8753, "step": 2000}
{"lr": 2.2867421171651665e-05, "data_time": 0.0012798786163330078, "grad_norm": 1.4470067143440246, "loss": 6.9107178211212155, "cls_loss": 6.91068115234375, "greedy_loss": 0.0036649661138653754, "time": 0.34966042041778567, "epoch": 1, "memory": 8753, "step": 2100}
{"lr": 2.3933043904936638e-05, "data_time": 0.0011266231536865234, "grad_norm": 1.460202932357788, "loss": 6.909106731414795, "cls_loss": 6.90906982421875, "greedy_loss": 0.0036901507526636125, "time": 0.3487575054168701, "epoch": 1, "memory": 8753, "step": 2200}
{"lr": 2.4998666638221618e-05, "data_time": 0.0012107372283935546, "grad_norm": 1.4249819993972779, "loss": 6.908112478256226, "cls_loss": 6.908074951171875, "greedy_loss": 0.0037468702299520372, "time": 0.35040898323059083, "epoch": 1, "memory": 8753, "step": 2300}
{"lr": 2.606428937150656e-05, "data_time": 0.0012674331665039062, "grad_norm": 1.4143022894859314, "loss": 6.907028436660767, "cls_loss": 6.90699462890625, "greedy_loss": 0.0033896767999976873, "time": 0.3501922607421875, "epoch": 1, "memory": 8753, "step": 2400}
{"lr": 2.7129912104791564e-05, "data_time": 0.001122903823852539, "grad_norm": 1.4074577808380127, "loss": 6.912102699279785, "cls_loss": 6.912066650390625, "greedy_loss": 0.003603239357471466, "time": 0.34917283058166504, "epoch": 1, "memory": 8753, "step": 2500}
{"lr": 2.819553483807653e-05, "data_time": 0.000926971435546875, "grad_norm": 1.3984623193740844, "loss": 6.9084676742553714, "cls_loss": 6.908428955078125, "greedy_loss": 0.0038692819885909556, "time": 0.3502193450927734, "epoch": 1, "memory": 8753, "step": 2600}
{"lr": 2.9261157571361507e-05, "data_time": 0.0011091232299804688, "grad_norm": 1.4088045477867126, "loss": 6.9083802700042725, "cls_loss": 6.90833740234375, "greedy_loss": 0.004286311217583716, "time": 0.35076329708099363, "epoch": 1, "memory": 8753, "step": 2700}
{"lr": 3.032678030464646e-05, "data_time": 0.0014245271682739257, "grad_norm": 1.3731495141983032, "loss": 6.910345840454101, "cls_loss": 6.910308837890625, "greedy_loss": 0.0037051694467663764, "time": 0.35028705596923826, "epoch": 1, "memory": 8753, "step": 2800}
{"lr": 3.1392403037931426e-05, "data_time": 0.0010249853134155274, "grad_norm": 1.3962352275848389, "loss": 6.909913778305054, "cls_loss": 6.90986328125, "greedy_loss": 0.005049861920997501, "time": 0.3509635925292969, "epoch": 1, "memory": 8753, "step": 2900}
{"lr": 3.2458025771216405e-05, "data_time": 0.0011257171630859376, "grad_norm": 1.384396767616272, "loss": 6.90923581123352, "cls_loss": 6.90919189453125, "greedy_loss": 0.004395071999169886, "time": 0.3508460998535156, "epoch": 1, "memory": 8753, "step": 3000}
{"lr": 3.352364850450139e-05, "data_time": 0.0012217998504638673, "grad_norm": 1.372470450401306,